"","Benevolent","Hostile","Implicit bias","Decision bias","Skill","Confidence"
"Benevolent",NA,0.370002333517274,-0.10762989864451,-0.0088575525660999,-0.109020641617227,-0.0545079220781099
"Hostile",0.370002333517274,NA,-0.0711015213465358,-0.0183610851660689,0.00723376549848411,-0.140805393469366
"Implicit bias",-0.10762989864451,-0.0711015213465358,NA,0.0754600362092808,-0.0860802669982046,0.087704403630855
"Decision bias",-0.0088575525660999,-0.0183610851660689,0.0754600362092808,NA,-0.0494247121513844,-0.290462767751938
"Skill",-0.109020641617227,0.00723376549848411,-0.0860802669982046,-0.0494247121513844,NA,-0.11833687385708
"Confidence",-0.0545079220781099,-0.140805393469366,0.087704403630855,-0.290462767751938,-0.11833687385708,NA
