"","Benevolent","Hostile","Implicit bias","Decision bias","Skill","Confidence"
"Benevolent",1,0.443826500316464,0.133099985291429,-0.146647013490973,-0.00283971366987405,-0.0451697314431185
"Hostile",0.443826500316464,1,0.120624409251499,-0.197717062438123,-0.0517281311382646,0.0494619043072086
"Implicit bias",0.133099985291429,0.120624409251499,1,-0.0274500739439154,-0.226815312283741,-0.115162756251183
"Decision bias",-0.146647013490973,-0.197717062438123,-0.0274500739439154,1,0.179355747110689,-0.417640926263138
"Skill",-0.00283971366987405,-0.0517281311382646,-0.226815312283741,0.179355747110689,1,-0.150114710551179
"Confidence",-0.0451697314431185,0.0494619043072086,-0.115162756251183,-0.417640926263138,-0.150114710551179,1
